order,beat,name_bilingual,name_en,phase,status,claim,key_metric,key_value,value_kind,evidence,note
0,M0,仪器 · the complete manual,the complete manual,prelude,pass,"the pipeline induces a complete manual from the sweep, and it is certified, provable and solvable",sweep_frames,248,measured,a2_trace_summary:raw_trace.frames,
1,M0,仪器 · the complete manual,the complete manual,prelude,pass,"the pipeline induces a complete manual from the sweep, and it is certified, provable and solvable",sweep_transitions,247,measured,a2_trace_summary:raw_trace.transitions,
2,M0,仪器 · the complete manual,the complete manual,prelude,pass,"the pipeline induces a complete manual from the sweep, and it is certified, provable and solvable",sweep_coverage,220/220,measured,a2_trace_summary:raw_trace.coverage,
3,M0,仪器 · the complete manual,the complete manual,prelude,pass,"the pipeline induces a complete manual from the sweep, and it is certified, provable and solvable",sweep_proposes_a_jump,true,measured,a2_loop_ledger:beats[M0].detail.sweep_proposes_a_jump,
4,M0,仪器 · the complete manual,the complete manual,prelude,pass,"the pipeline induces a complete manual from the sweep, and it is certified, provable and solvable",history_frames,184,measured,a2_trace_summary:history_trace.frames,
5,M0,仪器 · the complete manual,the complete manual,prelude,pass,"the pipeline induces a complete manual from the sweep, and it is certified, provable and solvable",history_transitions,183,measured,a2_trace_summary:history_trace.transitions,
6,M0,仪器 · the complete manual,the complete manual,prelude,pass,"the pipeline induces a complete manual from the sweep, and it is certified, provable and solvable",history_coverage,163/164,measured,a2_trace_summary:history_trace.coverage,
7,M0,仪器 · the complete manual,the complete manual,prelude,pass,"the pipeline induces a complete manual from the sweep, and it is certified, provable and solvable",history_proposes_a_jump,false,measured,a2_loop_ledger:beats[M0].detail.history_proposes_a_jump,"false is measured, not absent: the miner ran on the history and returned no jump rule"
8,M0,仪器 · the complete manual,the complete manual,prelude,pass,"the pipeline induces a complete manual from the sweep, and it is certified, provable and solvable",history_portal_transitions,[],absent-by-construction,a2_trace_summary:history_trace.portal_transitions,"empty because the history is cut at transition 183, before the teleport -- absence by construction, not a measured 0"
9,M0,仪器 · the complete manual,the complete manual,prelude,pass,"the pipeline induces a complete manual from the sweep, and it is certified, provable and solvable",history_win_frames,[],absent-by-construction,a2_trace_summary:history_trace.win_frames,same cut; the history never reaches a win
10,M0,仪器 · the complete manual,the complete manual,prelude,pass,"the pipeline induces a complete manual from the sweep, and it is certified, provable and solvable",history_omitted_pairs,"cart=(6,4) pressed=1 act=DOWN",measured,a2_trace_summary:history_omitted_pairs[0],the single pair whose absence is the hole
11,M0,仪器 · the complete manual,the complete manual,prelude,pass,"the pipeline induces a complete manual from the sweep, and it is certified, provable and solvable",plan_status,SAT,measured,a2_loop_ledger:beats[M0].detail.plan,
12,M0,仪器 · the complete manual,the complete manual,prelude,pass,"the pipeline induces a complete manual from the sweep, and it is certified, provable and solvable",plan_length,18,measured,a2_loop_ledger:beats[M0].detail.plan_length,
13,M0,仪器 · the complete manual,the complete manual,prelude,pass,"the pipeline induces a complete manual from the sweep, and it is certified, provable and solvable",rules_proposed_from_sweep,23,measured,a2_engines_diff:candidates.jsonl.rules_proposed,
14,M0,仪器 · the complete manual,the complete manual,prelude,pass,"the pipeline induces a complete manual from the sweep, and it is certified, provable and solvable",rules_with_a_jump_effect_from_sweep,1,measured,a2_engines_diff:candidates.jsonl.rules_with_a_jump_effect,
15,M0,仪器 · the complete manual,the complete manual,prelude,pass,"the pipeline induces a complete manual from the sweep, and it is certified, provable and solvable",rules_proposed_from_history,22,measured,a2_engines_diff:candidates_history.jsonl.rules_proposed,
16,M0,仪器 · the complete manual,the complete manual,prelude,pass,"the pipeline induces a complete manual from the sweep, and it is certified, provable and solvable",rules_with_a_jump_effect_from_history,0,real-zero,a2_engines_diff:candidates_history.jsonl.rules_with_a_jump_effect,"a measured zero: the miner ran on the history and proposed no jump rule. This is the hole -- the manual is false of the world because its evidence never showed the teleport, not because a rule was removed to order"
17,M0,仪器 · the complete manual,the complete manual,prelude,pass,"the pipeline induces a complete manual from the sweep, and it is certified, provable and solvable",rules_only_in_the_sweep,obj1_jump_DOWN,measured,a2_engines_diff: set(candidates.jsonl.rules_proposed) - set(candidates_history.jsonl.rules_proposed),"the two rule sets are exactly one rule apart, both ways; asserted in extract(), so a changed miner stops the build rather than redrawing 'the hole' as something else"
18,M0,仪器 · the complete manual,the complete manual,prelude,pass,"the pipeline induces a complete manual from the sweep, and it is certified, provable and solvable",shared_rules,22,measured,a2_engines_diff: set intersection of the two rules_proposed lists,
19,M0,仪器 · the complete manual,the complete manual,prelude,pass,"the pipeline induces a complete manual from the sweep, and it is certified, provable and solvable",missing_rule_guard,"act==DOWN, tcolor(DOWN)==3",measured,a2_engines_diff:candidates.jsonl.rules_with_a_jump_effect[0].guard,
20,M0,仪器 · the complete manual,the complete manual,prelude,pass,"the pipeline induces a complete manual from the sweep, and it is certified, provable and solvable",missing_rule_coverage,1/1,measured,a2_engines_diff:candidates.jsonl.rules_with_a_jump_effect[0].coverage,"one witness, and the history is cut before it"
21,M0,仪器 · the complete manual,the complete manual,prelude,pass,"the pipeline induces a complete manual from the sweep, and it is certified, provable and solvable",missing_rule_transition,183,measured,a2_engines_diff:candidates.jsonl.rules_with_a_jump_effect[0].transitions[0],the same transition the history is cut at -- see history_portal_transitions
22,M5,展品 · the theorem that is false of the world,the theorem that is false of the world,prelude,pass,"the holed manual replays the play record at 100%, its planner returns UNSAT, and Lean signs an axiom-free `unsolvable` — which the world contradicts",replay_frames,184,measured,a2_exhibit_report:certify_cheap.frames,
23,M5,展品 · the theorem that is false of the world,the theorem that is false of the world,prelude,pass,"the holed manual replays the play record at 100%, its planner returns UNSAT, and Lean signs an axiom-free `unsolvable` — which the world contradicts",replay_transitions,183,measured,a2_exhibit_report:certify_cheap.transitions,
24,M5,展品 · the theorem that is false of the world,the theorem that is false of the world,prelude,pass,"the holed manual replays the play record at 100%, its planner returns UNSAT, and Lean signs an axiom-free `unsolvable` — which the world contradicts",replay_pixels_checked,14904,measured,a2_exhibit_report:certify_cheap.pixels_checked,
25,M5,展品 · the theorem that is false of the world,the theorem that is false of the world,prelude,pass,"the holed manual replays the play record at 100%, its planner returns UNSAT, and Lean signs an axiom-free `unsolvable` — which the world contradicts",replay_pixels_unexplained,0,real-zero,a2_exhibit_report:certify_cheap.pixels_unexplained,a checked zero over 14904 pixels
26,M5,展品 · the theorem that is false of the world,the theorem that is false of the world,prelude,pass,"the holed manual replays the play record at 100%, its planner returns UNSAT, and Lean signs an axiom-free `unsolvable` — which the world contradicts",replay_anomaly_kinds,0,real-zero,a2_exhibit_report:certify_cheap.anomaly_kinds,
27,M5,展品 · the theorem that is false of the world,the theorem that is false of the world,prelude,pass,"the holed manual replays the play record at 100%, its planner returns UNSAT, and Lean signs an axiom-free `unsolvable` — which the world contradicts",replay_green,true,measured,a2_exhibit_report:certify_cheap.green,
28,M5,展品 · the theorem that is false of the world,the theorem that is false of the world,prelude,pass,"the holed manual replays the play record at 100%, its planner returns UNSAT, and Lean signs an axiom-free `unsolvable` — which the world contradicts",lean_green,true,measured,a2_exhibit_report:certify_lean.green,
29,M5,展品 · the theorem that is false of the world,the theorem that is false of the world,prelude,pass,"the holed manual replays the play record at 100%, its planner returns UNSAT, and Lean signs an axiom-free `unsolvable` — which the world contradicts",lean_returncode,0,real-zero,a2_exhibit_report:certify_lean.returncode,
30,M5,展品 · the theorem that is false of the world,the theorem that is false of the world,prelude,pass,"the holed manual replays the play record at 100%, its planner returns UNSAT, and Lean signs an axiom-free `unsolvable` — which the world contradicts",lean_errors,0,real-zero,a2_exhibit_report:certify_lean.errors,
31,M5,展品 · the theorem that is false of the world,the theorem that is false of the world,prelude,pass,"the holed manual replays the play record at 100%, its planner returns UNSAT, and Lean signs an axiom-free `unsolvable` — which the world contradicts",axioms_of_unsolvable,0,real-zero,a2_exhibit_report:certify_lean.axiom_reports[0].axioms,`#print axioms unsolvable` = [] -- the theorem leans on nothing and is still false of the world
32,M5,展品 · the theorem that is false of the world,the theorem that is false of the world,prelude,pass,"the holed manual replays the play record at 100%, its planner returns UNSAT, and Lean signs an axiom-free `unsolvable` — which the world contradicts",theorem,right_room_locked,measured,a2_exhibit_report:theorem.name,
33,M5,展品 · the theorem that is false of the world,the theorem that is false of the world,prelude,pass,"the holed manual replays the play record at 100%, its planner returns UNSAT, and Lean signs an axiom-free `unsolvable` — which the world contradicts",plan_status,UNSAT,measured,a2_exhibit_report:plan.status,
34,M5,展品 · the theorem that is false of the world,the theorem that is false of the world,prelude,pass,"the holed manual replays the play record at 100%, its planner returns UNSAT, and Lean signs an axiom-free `unsolvable` — which the world contradicts",plan_length,,structurally-absent,a2_exhibit_report:plan (no 'length' key),an UNSAT arm has no plan length; the key does not exist and is not a 0
35,M5,展品 · the theorem that is false of the world,the theorem that is false of the world,prelude,pass,"the holed manual replays the play record at 100%, its planner returns UNSAT, and Lean signs an axiom-free `unsolvable` — which the world contradicts",plan_backend,,structurally-absent,a2_exhibit_report:plan.backend = null,"no backend ran, because there was nothing to run"
36,M5,展品 · the theorem that is false of the world,the theorem that is false of the world,prelude,pass,"the holed manual replays the play record at 100%, its planner returns UNSAT, and Lean signs an axiom-free `unsolvable` — which the world contradicts",false_of_the_world,true,measured,a2_exhibit_report:exhibit_is_false_of_the_world,
37,M5,展品 · the theorem that is false of the world,the theorem that is false of the world,prelude,pass,"the holed manual replays the play record at 100%, its planner returns UNSAT, and Lean signs an axiom-free `unsolvable` — which the world contradicts",zero_space_region_size,21,measured,a2_exhibit_report:zero_space.region_size,
38,M5,展品 · the theorem that is false of the world,the theorem that is false of the world,prelude,pass,"the holed manual replays the play record at 100%, its planner returns UNSAT, and Lean signs an axiom-free `unsolvable` — which the world contradicts",full_sweep_frames,248,measured,a2_exhibit_report:certify_cheap_vs_full_sweep.frames,
39,M5,展品 · the theorem that is false of the world,the theorem that is false of the world,prelude,pass,"the holed manual replays the play record at 100%, its planner returns UNSAT, and Lean signs an axiom-free `unsolvable` — which the world contradicts",full_sweep_anomalies,44,measured,a2_exhibit_report:certify_cheap_vs_full_sweep.anomalies,"the cheap layer CAPS its anomaly list, so 44 is a cap, not a count"
40,M5,展品 · the theorem that is false of the world,the theorem that is false of the world,prelude,pass,"the holed manual replays the play record at 100%, its planner returns UNSAT, and Lean signs an axiom-free `unsolvable` — which the world contradicts",full_sweep_anomaly_kinds,3,measured,a2_exhibit_report:certify_cheap_vs_full_sweep.anomaly_kinds,
41,M5,展品 · the theorem that is false of the world,the theorem that is false of the world,prelude,pass,"the holed manual replays the play record at 100%, its planner returns UNSAT, and Lean signs an axiom-free `unsolvable` — which the world contradicts",full_sweep_first_anomaly,"t=184 cell (6,4) render_mismatch",measured,a2_exhibit_report:certify_cheap_vs_full_sweep.first_anomaly,
42,M5,展品 · the theorem that is false of the world,the theorem that is false of the world,prelude,pass,"the holed manual replays the play record at 100%, its planner returns UNSAT, and Lean signs an axiom-free `unsolvable` — which the world contradicts",full_sweep_green,false,measured,a2_exhibit_report:certify_cheap_vs_full_sweep.green,
43,M5,展品 · the theorem that is false of the world,the theorem that is false of the world,prelude,pass,"the holed manual replays the play record at 100%, its planner returns UNSAT, and Lean signs an axiom-free `unsolvable` — which the world contradicts",full_sweep_pixels_checked,20088,measured,a2_report:section 2 prose (`... across 20 088 checked ...`),"PROSE-SOURCED. No artefact carries a pixel key for the sweep. Cross-checked: 248 frames x 81 pixels/frame = 20088, and the two JSON certify records agree on the rate"
44,M5,展品 · the theorem that is false of the world,the theorem that is false of the world,prelude,pass,"the holed manual replays the play record at 100%, its planner returns UNSAT, and Lean signs an axiom-free `unsolvable` — which the world contradicts",full_sweep_pixels_unexplained,128,measured,a2_report:section 2 prose (`128 unexplained pixels`),"PROSE-SOURCED, and it does NOT soften the anomaly caveat: 44 remains a cap on the anomaly LIST, which is a different quantity from the pixel count"
45,M5,展品 · the theorem that is false of the world,the theorem that is false of the world,prelude,pass,"the holed manual replays the play record at 100%, its planner returns UNSAT, and Lean signs an axiom-free `unsolvable` — which the world contradicts",full_sweep_prose_anomalies,44,measured,"a2_report:section 2 prose, cross-checked against a2_exhibit_report:certify_cheap_vs_full_sweep.anomalies","the same sentence restates the anomaly count; extract() asserts the two agree, so a prose that drifted from the artefact stops the build"
46,L1,打脸 · refutation,refutation,loop,pass,a solved episode contradicts the machine-checked theorem,machine_checked_theorems_in,1,measured,a2_refutation:claim (one theorem: right_room_locked),
47,L1,打脸 · refutation,refutation,loop,pass,a solved episode contradicts the machine-checked theorem,solved_episodes_out,1,measured,a2_refutation:episode,
48,L1,打脸 · refutation,refutation,loop,pass,a solved episode contradicts the machine-checked theorem,episode_length_actions,18,measured,a2_refutation:episode.length,
49,L1,打脸 · refutation,refutation,loop,pass,a solved episode contradicts the machine-checked theorem,episode_frames,19,measured,a2_refutation:episode.frames,
50,L1,打脸 · refutation,refutation,loop,pass,a solved episode contradicts the machine-checked theorem,final_win,true,measured,a2_refutation:episode.final_win,
51,L1,打脸 · refutation,refutation,loop,pass,a solved episode contradicts the machine-checked theorem,win_frame,18,measured,a2_refutation:episode.win_frames[0],
52,L1,打脸 · refutation,refutation,loop,pass,a solved episode contradicts the machine-checked theorem,refuted,true,measured,a2_refutation:refuted,
53,L1,打脸 · refutation,refutation,loop,pass,a solved episode contradicts the machine-checked theorem,search_space_per_1_4,3,measured,a2_refutation:search_space_per_1_4,Theoria 1.4 bounds the error to three candidate sites on this path
54,L2,定位 · localisation,localisation,loop,pass,§1.4's three-way narrows the error to one place on the witness path,witness_path_transitions,18,measured,a2_locate_report:path_length,
55,L2,定位 · localisation,localisation,loop,pass,§1.4's three-way narrows the error to one place on the witness path,checks_run,3,measured,a2_locate_report:checks,"all three of 1.4's checks were run, not just the one that fired"
56,L2,定位 · localisation,localisation,loop,pass,§1.4's three-way narrows the error to one place on the witness path,misread_board,false,measured,a2_locate_report:checks.misread_board,
57,L2,定位 · localisation,localisation,loop,pass,§1.4's three-way narrows the error to one place on the witness path,board_diffs,0,real-zero,a2_locate_report:board_diffs,a measured zero: the board was compared frame by frame and matched everywhere
58,L2,定位 · localisation,localisation,loop,pass,§1.4's three-way narrows the error to one place on the witness path,wrong_goal_test,false,measured,a2_locate_report:checks.wrong_goal_test,
59,L2,定位 · localisation,localisation,loop,pass,§1.4's three-way narrows the error to one place on the witness path,goal_diffs,0,real-zero,a2_locate_report:goal_diffs,a measured zero: the goal test agreed with the episode's win flag at every frame
60,L2,定位 · localisation,localisation,loop,pass,§1.4's three-way narrows the error to one place on the witness path,mispredicted_step,true,measured,a2_locate_report:checks.mispredicted_step,
61,L2,定位 · localisation,localisation,loop,pass,§1.4's three-way narrows the error to one place on the witness path,n_step_diffs,1,measured,a2_locate_report:n_step_diffs,
62,L2,定位 · localisation,localisation,loop,pass,§1.4's three-way narrows the error to one place on the witness path,located_at_t,11,measured,a2_locate_report:located.t,
63,L2,定位 · localisation,localisation,loop,pass,§1.4's three-way narrows the error to one place on the witness path,mover_at,"(6,4)",measured,a2_locate_report:located.mover_at,
64,L2,定位 · localisation,localisation,loop,pass,§1.4's three-way narrows the error to one place on the witness path,action,DOWN,measured,a2_locate_report:located.action,
65,L2,定位 · localisation,localisation,loop,pass,§1.4's three-way narrows the error to one place on the witness path,manual_predicts,"(6,4)",measured,a2_locate_report:located.manual_predicts,
66,L2,定位 · localisation,localisation,loop,pass,§1.4's three-way narrows the error to one place on the witness path,world_shows,"(7,6)",measured,a2_locate_report:located.world_shows,
67,L2,定位 · localisation,localisation,loop,pass,§1.4's three-way narrows the error to one place on the witness path,rules_that_fired,0,real-zero,a2_locate_report:located.rules_that_fired,"a measured zero, and the whole diagnosis: nothing fired, so nothing can be corrected"
68,L2,定位 · localisation,localisation,loop,pass,§1.4's three-way narrows the error to one place on the witness path,diagnosis,"missing rule, not wrong rule",measured,a2_loop_ledger:beats[L2].detail.diagnosis,
69,L3,戳探 · probe,probe,loop,pass,"predictions written first, executed through frames, results banked",probes_designed,5,measured,"a2_probes (rows), a2_probe_report:probes_designed",
70,L3,戳探 · probe,probe,loop,pass,"predictions written first, executed through frames, results banked",probes_executable,4,measured,a2_probe_report:executable,
71,L3,戳探 · probe,probe,loop,pass,"predictions written first, executed through frames, results banked",probes_refuted,4,measured,a2_probe_report:refuted,'refuted' means the probe refuted at least one hypothesis -- not that nothing survived
72,L3,戳探 · probe,probe,loop,pass,"predictions written first, executed through frames, results banked",probes_leaving_a_surviving_hypothesis,4,measured,a2_probes:surviving (per row),the honest counterpart to `confirmed`: every executable probe left one standing
73,L3,戳探 · probe,probe,loop,pass,"predictions written first, executed through frames, results banked",probe_report_confirmed_field,0,measured,a2_probe_report:confirmed,"a coding artefact, NOT a finding: the status vocabulary makes 'refuted' win over 'confirmed' whenever a probe refutes anything, and all four did. P-02.1/2/3 confirm `ring_is_solid`. Never draw this 0 beside the 4."
74,L3,戳探 · probe,probe,loop,pass,"predictions written first, executed through frames, results banked",probes_not_separable,1,measured,a2_probe_report:not_separable,
75,L3,戳探 · probe,probe,loop,pass,"predictions written first, executed through frames, results banked",trace_frames_before,184,measured,a2_probe_report:trace_frames_before,
76,L3,戳探 · probe,probe,loop,pass,"predictions written first, executed through frames, results banked",trace_frames_after,196,measured,a2_probe_report:trace_frames_after,
77,L3,戳探 · probe,probe,loop,pass,"predictions written first, executed through frames, results banked",trace_frames_delta,12,measured,a2_probe_report:trace_frames_after - trace_frames_before,
78,L3,戳探 · probe,probe,loop,pass,"predictions written first, executed through frames, results banked",trace_transitions_before,183,measured,a2_exhibit_report:certify_cheap.transitions,
79,L3,戳探 · probe,probe,loop,pass,"predictions written first, executed through frames, results banked",trace_transitions_after,195,measured,a2_repair_report:certify_cheap.transitions,
80,L3,戳探 · probe,probe,loop,pass,"predictions written first, executed through frames, results banked",P-01.tier,executable,measured,a2_probes:P-01.tier,
81,L3,戳探 · probe,probe,loop,pass,"predictions written first, executed through frames, results banked",P-01.status,refuted,measured,a2_probes:P-01.status,
82,L3,戳探 · probe,probe,loop,pass,"predictions written first, executed through frames, results banked",P-01.hypotheses_on_the_record,3,measured,a2_probes:P-01.predictions,"written before the action, not after"
83,L3,戳探 · probe,probe,loop,pass,"predictions written first, executed through frames, results banked",P-01.hypotheses_refuted,2,measured,a2_probes:P-01.refuted,
84,L3,戳探 · probe,probe,loop,pass,"predictions written first, executed through frames, results banked",P-01.hypotheses_surviving,1,measured,a2_probes:P-01.surviving,missing_rule__teleport_to_7_6
85,L3,戳探 · probe,probe,loop,pass,"predictions written first, executed through frames, results banked",P-01.manual_agreed,false,measured,a2_probes:P-01.manual_agreed,"observation: jumps to (7,6)"
86,L3,戳探 · probe,probe,loop,pass,"predictions written first, executed through frames, results banked",P-02.1.tier,executable,measured,a2_probes:P-02.1.tier,
87,L3,戳探 · probe,probe,loop,pass,"predictions written first, executed through frames, results banked",P-02.1.status,refuted,measured,a2_probes:P-02.1.status,
88,L3,戳探 · probe,probe,loop,pass,"predictions written first, executed through frames, results banked",P-02.1.hypotheses_on_the_record,2,measured,a2_probes:P-02.1.predictions,"written before the action, not after"
89,L3,戳探 · probe,probe,loop,pass,"predictions written first, executed through frames, results banked",P-02.1.hypotheses_refuted,1,measured,a2_probes:P-02.1.refuted,
90,L3,戳探 · probe,probe,loop,pass,"predictions written first, executed through frames, results banked",P-02.1.hypotheses_surviving,1,measured,a2_probes:P-02.1.surviving,ring_is_solid
91,L3,戳探 · probe,probe,loop,pass,"predictions written first, executed through frames, results banked",P-02.1.manual_agreed,true,measured,a2_probes:P-02.1.manual_agreed,observation: stays
92,L3,戳探 · probe,probe,loop,pass,"predictions written first, executed through frames, results banked",P-02.2.tier,executable,measured,a2_probes:P-02.2.tier,
93,L3,戳探 · probe,probe,loop,pass,"predictions written first, executed through frames, results banked",P-02.2.status,refuted,measured,a2_probes:P-02.2.status,
94,L3,戳探 · probe,probe,loop,pass,"predictions written first, executed through frames, results banked",P-02.2.hypotheses_on_the_record,2,measured,a2_probes:P-02.2.predictions,"written before the action, not after"
95,L3,戳探 · probe,probe,loop,pass,"predictions written first, executed through frames, results banked",P-02.2.hypotheses_refuted,1,measured,a2_probes:P-02.2.refuted,
96,L3,戳探 · probe,probe,loop,pass,"predictions written first, executed through frames, results banked",P-02.2.hypotheses_surviving,1,measured,a2_probes:P-02.2.surviving,ring_is_solid
97,L3,戳探 · probe,probe,loop,pass,"predictions written first, executed through frames, results banked",P-02.2.manual_agreed,true,measured,a2_probes:P-02.2.manual_agreed,observation: stays
98,L3,戳探 · probe,probe,loop,pass,"predictions written first, executed through frames, results banked",P-02.3.tier,executable,measured,a2_probes:P-02.3.tier,
99,L3,戳探 · probe,probe,loop,pass,"predictions written first, executed through frames, results banked",P-02.3.status,refuted,measured,a2_probes:P-02.3.status,
100,L3,戳探 · probe,probe,loop,pass,"predictions written first, executed through frames, results banked",P-02.3.hypotheses_on_the_record,2,measured,a2_probes:P-02.3.predictions,"written before the action, not after"
101,L3,戳探 · probe,probe,loop,pass,"predictions written first, executed through frames, results banked",P-02.3.hypotheses_refuted,1,measured,a2_probes:P-02.3.refuted,
102,L3,戳探 · probe,probe,loop,pass,"predictions written first, executed through frames, results banked",P-02.3.hypotheses_surviving,1,measured,a2_probes:P-02.3.surviving,ring_is_solid
103,L3,戳探 · probe,probe,loop,pass,"predictions written first, executed through frames, results banked",P-02.3.manual_agreed,true,measured,a2_probes:P-02.3.manual_agreed,observation: stays
104,L3,戳探 · probe,probe,loop,pass,"predictions written first, executed through frames, results banked",P-03.tier,hypothetical,measured,a2_probes:P-03.tier,
105,L3,戳探 · probe,probe,loop,pass,"predictions written first, executed through frames, results banked",P-03.status,not_separable_in_this_world,measured,a2_probes:P-03.status,
106,L3,戳探 · probe,probe,loop,pass,"predictions written first, executed through frames, results banked",P-03.hypotheses_on_the_record,,structurally-absent,a2_probes:P-03 (key absent),"designed and unrunnable: this world has exactly one Portal, so neither separating configuration is reachable. probes.jsonl carries NO outcome fields for this row -- no manual_agreed, no refuted, no surviving. Hatched, not zero."
107,L3,戳探 · probe,probe,loop,pass,"predictions written first, executed through frames, results banked",P-03.hypotheses_refuted,,structurally-absent,a2_probes:P-03 (key absent),"designed and unrunnable: this world has exactly one Portal, so neither separating configuration is reachable. probes.jsonl carries NO outcome fields for this row -- no manual_agreed, no refuted, no surviving. Hatched, not zero."
108,L3,戳探 · probe,probe,loop,pass,"predictions written first, executed through frames, results banked",P-03.hypotheses_surviving,,structurally-absent,a2_probes:P-03 (key absent),"designed and unrunnable: this world has exactly one Portal, so neither separating configuration is reachable. probes.jsonl carries NO outcome fields for this row -- no manual_agreed, no refuted, no surviving. Hatched, not zero."
109,L3,戳探 · probe,probe,loop,pass,"predictions written first, executed through frames, results banked",P-03.manual_agreed,,structurally-absent,a2_probes:P-03 (key absent),"designed and unrunnable: this world has exactly one Portal, so neither separating configuration is reachable. probes.jsonl carries NO outcome fields for this row -- no manual_agreed, no refuted, no surviving. Hatched, not zero."
110,L4,修订 · revision,revision,loop,pass,"the manual is rewritten from the probe record, and the grown evidence re-proposes the rule that was added",re_derivable_from_grown_evidence,true,measured,a2_loop_ledger:beats[L4].detail.re_derivable_from_grown_evidence,"THE BEAT'S OWN METRIC, and it is a boolean: loop_ledger's L4 detail has exactly one key"
111,L4,修订 · revision,revision,loop,pass,"the manual is rewritten from the probe record, and the grown evidence re-proposes the rule that was added",count_shaped_metric_in_the_ledger,,structurally-absent,"a2_loop_ledger:beats[L4].detail (one key, a boolean)","the ledger holds no count for L4, and none is invented from one. The engines_diff_probed rows below are corroboration from a DIFFERENT artefact -- they show what the boolean is asserting; they are not this beat's score"
112,L4,修订 · revision,revision,loop,pass,"the manual is rewritten from the probe record, and the grown evidence re-proposes the rule that was added",teleport_down_steps_in_repaired_plan,1,measured,a2_plan_repaired:actions,"the one rule the repair restored, as it appears in the plan"
113,L4,修订 · revision,revision,loop,pass,"the manual is rewritten from the probe record, and the grown evidence re-proposes the rule that was added",pddl_cells_added,1,measured,a2_repair_report:compiled.pddl_cells_added,"cell (7,4), the teleport's intermediate"
114,L4,修订 · revision,revision,loop,pass,"the manual is rewritten from the probe record, and the grown evidence re-proposes the rule that was added",grown_evidence_frames,196,measured,a2_engines_diff_probed:candidates_probed.jsonl.frames,"corroboration, not the beat's metric"
115,L4,修订 · revision,revision,loop,pass,"the manual is rewritten from the probe record, and the grown evidence re-proposes the rule that was added",grown_evidence_transitions,195,measured,a2_engines_diff_probed:candidates_probed.jsonl.transitions,"corroboration, not the beat's metric"
116,L4,修订 · revision,revision,loop,pass,"the manual is rewritten from the probe record, and the grown evidence re-proposes the rule that was added",rules_re_proposed_from_grown_evidence,23,measured,a2_engines_diff_probed:candidates_probed.jsonl.rules_proposed,"corroboration, not the beat's metric: the same 23-rule set the SWEEP proposed, now derived from evidence the loop grew for itself"
117,L4,修订 · revision,revision,loop,pass,"the manual is rewritten from the probe record, and the grown evidence re-proposes the rule that was added",re_proposed_rules_with_a_jump_effect,1,measured,a2_engines_diff_probed:candidates_probed.jsonl.rules_with_a_jump_effect,the history proposed 0 of these; the grown evidence proposes 1 again
118,L4,修订 · revision,revision,loop,pass,"the manual is rewritten from the probe record, and the grown evidence re-proposes the rule that was added",re_proposed_jump_rule,obj1_jump_DOWN,measured,a2_engines_diff_probed:candidates_probed.jsonl.rules_with_a_jump_effect[0].name,"asserted in extract() to be obj1_jump_DOWN -- the claim is that it is the SAME rule, not merely some jump rule"
119,L4,修订 · revision,revision,loop,pass,"the manual is rewritten from the probe record, and the grown evidence re-proposes the rule that was added",re_proposed_jump_transition,194,measured,a2_engines_diff_probed:candidates_probed.jsonl.rules_with_a_jump_effect[0].transitions[0],"transition 194 in the probed trace, where the sweep saw it at 183: a witness the loop produced, not one it was given"
120,L4,修订 · revision,revision,loop,pass,"the manual is rewritten from the probe record, and the grown evidence re-proposes the rule that was added",re_proposed_jump_coverage,1/1,measured,a2_engines_diff_probed:candidates_probed.jsonl.rules_with_a_jump_effect[0].coverage,
121,L5,重证 · re-proof,re-proof,loop,pass,"the refuted certificate dies under the repaired step, and a true one takes its place",stale_certificate_died,true,measured,a2_repair_report:stale_certificate.died,
122,L5,重证 · re-proof,re-proof,loop,pass,"the refuted certificate dies under the repaired step, and a true one takes its place",stale_lean_returncode,1,measured,a2_repair_report:stale_certificate.lean.returncode,
123,L5,重证 · re-proof,re-proof,loop,pass,"the refuted certificate dies under the repaired step, and a true one takes its place",stale_lean_errors,5,measured,a2_repair_report:stale_certificate.lean.errors,
124,L5,重证 · re-proof,re-proof,loop,pass,"the refuted certificate dies under the repaired step, and a true one takes its place",stale_axioms_of_unsolvable,sorryAx,measured,a2_repair_report:stale_certificate.lean.axiom_reports[0].axioms,"the old certificate now leans on sorryAx -- it did not merely weaken, it died"
125,L5,重证 · re-proof,re-proof,loop,pass,"the refuted certificate dies under the repaired step, and a true one takes its place",stale_region_size,21,measured,a2_repair_report:stale_certificate.region_size,
126,L5,重证 · re-proof,re-proof,loop,pass,"the refuted certificate dies under the repaired step, and a true one takes its place",new_theorem,pocket_unreachable,measured,a2_loop_ledger:beats[L5].detail.new_theorem,
127,L5,重证 · re-proof,re-proof,loop,pass,"the refuted certificate dies under the repaired step, and a true one takes its place",new_lean_green,true,measured,a2_repair_report:certify_lean.green,
128,L5,重证 · re-proof,re-proof,loop,pass,"the refuted certificate dies under the repaired step, and a true one takes its place",new_lean_axioms,0,real-zero,a2_repair_report:certify_lean.axiom_reports[0].axioms,axiom-free again -- and this time true
129,L5,重证 · re-proof,re-proof,loop,pass,"the refuted certificate dies under the repaired step, and a true one takes its place",latch_theorem,inv_all,measured,a2_repair_report:certify_lean_latch.axiom_reports[0].name,
130,L5,重证 · re-proof,re-proof,loop,pass,"the refuted certificate dies under the repaired step, and a true one takes its place",latch_lean_green,true,measured,a2_repair_report:certify_lean_latch.green,
131,L5,重证 · re-proof,re-proof,loop,pass,"the refuted certificate dies under the repaired step, and a true one takes its place",latch_lean_axioms,0,real-zero,a2_repair_report:certify_lean_latch.axiom_reports[0].axioms,
132,L5,重证 · re-proof,re-proof,loop,pass,"the refuted certificate dies under the repaired step, and a true one takes its place",cheap_frames,196,measured,a2_repair_report:certify_cheap.frames,
133,L5,重证 · re-proof,re-proof,loop,pass,"the refuted certificate dies under the repaired step, and a true one takes its place",cheap_transitions,195,measured,a2_repair_report:certify_cheap.transitions,
134,L5,重证 · re-proof,re-proof,loop,pass,"the refuted certificate dies under the repaired step, and a true one takes its place",cheap_pixels_checked,15876,measured,a2_repair_report:certify_cheap.pixels_checked,
135,L5,重证 · re-proof,re-proof,loop,pass,"the refuted certificate dies under the repaired step, and a true one takes its place",cheap_anomaly_kinds,0,real-zero,a2_repair_report:certify_cheap.anomaly_kinds,
136,L5,重证 · re-proof,re-proof,loop,pass,"the refuted certificate dies under the repaired step, and a true one takes its place",cheap_pixels_unexplained,,structurally-absent,a2_repair_report:certify_cheap (no 'pixels_unexplained' key),"exhibit_report emits this key and repair_report does not; the empty anomaly list is what is on the record, so no 0 is borrowed from the other artefact"
137,L5,重证 · re-proof,re-proof,loop,pass,"the refuted certificate dies under the repaired step, and a true one takes its place",cheap_green,true,measured,a2_repair_report:certify_cheap.green,
138,L5,重证 · re-proof,re-proof,loop,pass,"the refuted certificate dies under the repaired step, and a true one takes its place",region_zero_space_proposed,22,measured,a2_repair_report:region.zero_space_size,
139,L5,重证 · re-proof,re-proof,loop,pass,"the refuted certificate dies under the repaired step, and a true one takes its place",region_adopted,35,measured,a2_repair_report:region.adopted_size,"widened to the manual's own reachability closure, computed by running theory.py"
140,L5,重证 · re-proof,re-proof,loop,pass,"the refuted certificate dies under the repaired step, and a true one takes its place",pocket_in_closure,false,measured,a2_repair_report:region.pocket_in_closure,
141,L5,重证 · re-proof,re-proof,loop,pass,"the refuted certificate dies under the repaired step, and a true one takes its place",world_states_with_cart_in_pocket,0,real-zero,a2_repair_report:scored_against_the_world.world_states_with_cart_in_pocket,"0 of 55 reachable states -- enumerated, not assumed"
142,L5,重证 · re-proof,re-proof,loop,pass,"the refuted certificate dies under the repaired step, and a true one takes its place",reachable_states,55,measured,a2_trace_summary:raw_trace.reachable_states,
143,L5,重证 · re-proof,re-proof,loop,pass,"the refuted certificate dies under the repaired step, and a true one takes its place",true_of_the_world,true,measured,a2_repair_report:scored_against_the_world.true_of_the_world,
144,L6,解出 · solved,solved,loop,pass,"the repaired manual plans, and the world agrees",plan_status,SAT,measured,a2_plan_repaired:status,
145,L6,解出 · solved,solved,loop,pass,"the repaired manual plans, and the world agrees",plan_length,18,measured,a2_plan_repaired:length,
146,L6,解出 · solved,solved,loop,pass,"the repaired manual plans, and the world agrees",manual_reaches_goal,true,measured,a2_plan_repaired:manual_reaches_goal,
147,L6,解出 · solved,solved,loop,pass,"the repaired manual plans, and the world agrees",world_reaches_goal,true,measured,a2_plan_repaired:world_reaches_goal,
148,L6,解出 · solved,solved,loop,pass,"the repaired manual plans, and the world agrees",execution_mismatches,0,real-zero,a2_plan_repaired:execution_mismatches,a measured zero: all 18 planned steps were executed against the world and none diverged
149,L6,解出 · solved,solved,loop,pass,"the repaired manual plans, and the world agrees",backend,stub-bfs,measured,a2_plan_repaired:backend,"the BFS stub, not a Fast Downward rung -- see engine-rig STATUS.md P-13"
150,L6,解出 · solved,solved,loop,pass,"the repaired manual plans, and the world agrees",green,true,measured,a2_plan_repaired:green,
151,LEDGER,,,accounting,,,ledger_beats_total,8,measured,a2_loop_ledger:summary.total,M0 + M5 + L1-L6. The repair loop proper is the six L-beats; the other two are prelude
152,LEDGER,,,accounting,,,ledger_beats_pass,8,measured,a2_loop_ledger:summary.pass,
153,LEDGER,,,accounting,,,ledger_beats_fail,0,real-zero,a2_loop_ledger:summary.fail,
154,LEDGER,,,accounting,,,ledger_beats_absent,0,real-zero,a2_loop_ledger:summary.absent,a real and meaningful zero: ledger.py has a third status 'absent' for a missing artefact; the channel was exercisable and no beat hit it
155,LEDGER,,,accounting,,,loop_beats_drawn,6,measured,figures/fig05_a2_repair_loop.py:LOOP_BEATS,the figure's own count: L1-L6
156,LEDGER,,,accounting,,,authority,"INC-004 ruling 2026-07-28, option (b): a self-built world isomorphic to DC22's failure structure.  No upstream DC22 artifact was read; the isomorphism argument cites only the structural description already printed in Theoria §1.3.",measured,a2_loop_ledger:authority,INC-004: a self-built world isomorphic to DC22's failure structure; no upstream DC22 artefact was read and the pile seal is intact
157,LEDGER,,,accounting,,,world,a2-base,measured,a2_loop_ledger:world,
158,K12,,share of the six repair beats that closed,battery,not-applicable,a0-base,K12[a0-base],,not-applicable,capability_spectrum:runs.a0-base.metrics.K12,"this arm records no repair episode; an arm with no manual cannot be refuted by one, so the absence is structural"
159,K13,,environment actions spent repairing / actions the theory cost,battery,not-applicable,a0-base,K13[a0-base],,not-applicable,capability_spectrum:runs.a0-base.metrics.K13,"this arm records no repair episode; an arm with no manual cannot be refuted by one, so the absence is structural"
160,K12,,share of the six repair beats that closed,battery,not-applicable,a0-no-button,K12[a0-no-button],,not-applicable,capability_spectrum:runs.a0-no-button.metrics.K12,"this arm records no repair episode; an arm with no manual cannot be refuted by one, so the absence is structural"
161,K13,,environment actions spent repairing / actions the theory cost,battery,not-applicable,a0-no-button,K13[a0-no-button],,not-applicable,capability_spectrum:runs.a0-no-button.metrics.K13,"this arm records no repair episode; an arm with no manual cannot be refuted by one, so the absence is structural"
162,K12,,share of the six repair beats that closed,battery,ok,a0-spike,K12[a0-spike],0.000,real-zero,capability_spectrum:runs.a0-spike.metrics.K12,0 of 24 beats closed over 4 episode(s)
163,K13,,environment actions spent repairing / actions the theory cost,battery,ok,a0-spike,K13[a0-spike],1.095,measured,capability_spectrum:runs.a0-spike.metrics.K13,"strategy: rebuild, over 4 episode(s); lower is better"
164,K12,,share of the six repair beats that closed,battery,not-applicable,a2-play-record,K12[a2-play-record],,not-applicable,capability_spectrum:runs.a2-play-record.metrics.K12,"this arm records no repair episode; an arm with no manual cannot be refuted by one, so the absence is structural"
165,K13,,environment actions spent repairing / actions the theory cost,battery,not-applicable,a2-play-record,K13[a2-play-record],,not-applicable,capability_spectrum:runs.a2-play-record.metrics.K13,"this arm records no repair episode; an arm with no manual cannot be refuted by one, so the absence is structural"
166,K12,,share of the six repair beats that closed,battery,ok,a2-probed,K12[a2-probed],1.000,measured,capability_spectrum:runs.a2-probed.metrics.K12,6 of 6 beats closed over 1 episode(s)
167,K13,,environment actions spent repairing / actions the theory cost,battery,ok,a2-probed,K13[a2-probed],0.262,measured,capability_spectrum:runs.a2-probed.metrics.K13,"strategy: patch, over 1 episode(s); lower is better"
168,K12,,share of the six repair beats that closed,battery,not-applicable,a2-refutation,K12[a2-refutation],,not-applicable,capability_spectrum:runs.a2-refutation.metrics.K12,"this arm records no repair episode; an arm with no manual cannot be refuted by one, so the absence is structural"
169,K13,,environment actions spent repairing / actions the theory cost,battery,not-applicable,a2-refutation,K13[a2-refutation],,not-applicable,capability_spectrum:runs.a2-refutation.metrics.K13,"this arm records no repair episode; an arm with no manual cannot be refuted by one, so the absence is structural"
170,K12,,share of the six repair beats that closed,battery,not-applicable,a2-sweep,K12[a2-sweep],,not-applicable,capability_spectrum:runs.a2-sweep.metrics.K12,"this arm records no repair episode; an arm with no manual cannot be refuted by one, so the absence is structural"
171,K13,,environment actions spent repairing / actions the theory cost,battery,not-applicable,a2-sweep,K13[a2-sweep],,not-applicable,capability_spectrum:runs.a2-sweep.metrics.K13,"this arm records no repair episode; an arm with no manual cannot be refuted by one, so the absence is structural"
